/*
Navicat MySQL Data Transfer

Source Server         : win10
Source Server Version : 50505
Source Host           : localhost:3306
Source Database       : blog

Target Server Type    : MYSQL
Target Server Version : 50505
File Encoding         : 65001

Date: 2021-12-19 22:21:12
*/

SET FOREIGN_KEY_CHECKS=0;

-- ----------------------------
-- Table structure for `hibernate_sequence`
-- ----------------------------
DROP TABLE IF EXISTS `hibernate_sequence`;
CREATE TABLE `hibernate_sequence` (
  `next_val` bigint(20) DEFAULT NULL
) ENGINE=InnoDB DEFAULT CHARSET=utf8 COLLATE=utf8_bin;

-- ----------------------------
-- Records of hibernate_sequence
-- ----------------------------
INSERT INTO `hibernate_sequence` VALUES ('9');

-- ----------------------------
-- Table structure for `t_blog`
-- ----------------------------
DROP TABLE IF EXISTS `t_blog`;
CREATE TABLE `t_blog` (
  `id` bigint(20) NOT NULL AUTO_INCREMENT,
  `appreciation` bit(1) NOT NULL,
  `commentabled` bit(1) NOT NULL,
  `content` longtext COLLATE utf8_bin,
  `create_time` datetime DEFAULT NULL,
  `first_picture` varchar(255) COLLATE utf8_bin DEFAULT NULL,
  `flag` varchar(255) COLLATE utf8_bin DEFAULT NULL,
  `published` bit(1) NOT NULL,
  `recommend` bit(1) NOT NULL,
  `share_statement` bit(1) NOT NULL,
  `title` varchar(255) COLLATE utf8_bin DEFAULT NULL,
  `update_time` datetime DEFAULT NULL,
  `views` int(11) DEFAULT NULL,
  `type_id` bigint(20) DEFAULT NULL,
  `user_id` bigint(20) DEFAULT NULL,
  `description` varchar(255) COLLATE utf8_bin DEFAULT NULL,
  PRIMARY KEY (`id`),
  KEY `FK292449gwg5yf7ocdlmswv9w4j` (`type_id`),
  KEY `FK8ky5rrsxh01nkhctmo7d48p82` (`user_id`),
  CONSTRAINT `FK292449gwg5yf7ocdlmswv9w4j` FOREIGN KEY (`type_id`) REFERENCES `t_type` (`id`),
  CONSTRAINT `FK8ky5rrsxh01nkhctmo7d48p82` FOREIGN KEY (`user_id`) REFERENCES `t_user` (`id`)
) ENGINE=InnoDB AUTO_INCREMENT=6 DEFAULT CHARSET=utf8 COLLATE=utf8_bin;

-- ----------------------------
-- Records of t_blog
-- ----------------------------
INSERT INTO `t_blog` VALUES ('1', '', '', 0x23202A2A4A61766120E59FBAE69CACE695B0E68DAEE7B1BBE59E8B2A2A0D0AE58F98E9878FE5B0B1E698AFE794B3E8AFB7E58685E5AD98E69DA5E5AD98E582A8E580BCE38082E4B99FE5B0B1E698AFE8AFB4EFBC8CE5BD93E5889BE5BBBAE58F98E9878FE79A84E697B6E58099EFBC8CE99C80E8A681E59CA8E58685E5AD98E4B8ADE794B3E8AFB7E7A9BAE997B4E380820D0A0D0AE58685E5AD98E7AEA1E79086E7B3BBE7BB9FE6A0B9E68DAEE58F98E9878FE79A84E7B1BBE59E8BE4B8BAE58F98E9878FE58886E9858DE5AD98E582A8E7A9BAE997B4EFBC8CE58886E9858DE79A84E7A9BAE997B4E58FAAE883BDE794A8E69DA5E582A8E5AD98E8AFA5E7B1BBE59E8BE695B0E68DAEE380820D0A0D0A0D0A0D0AE59BA0E6ADA4EFBC8CE9809AE8BF87E5AE9AE4B989E4B88DE5908CE7B1BBE59E8BE79A84E58F98E9878FEFBC8CE58FAFE4BBA5E59CA8E58685E5AD98E4B8ADE582A8E5AD98E695B4E695B0E38081E5B08FE695B0E68896E88085E5AD97E7ACA6E380820D0A0D0A2323202A2A4A61766120E79A84E4B8A4E5A4A7E695B0E68DAEE7B1BBE59E8B3A2A2A0D0A0D0AE58685E7BDAEE695B0E68DAEE7B1BBE59E8B0D0AE5BC95E794A8E695B0E68DAEE7B1BBE59E8B0D0AE58685E7BDAEE695B0E68DAEE7B1BBE59E8B0D0A4A617661E8AFADE8A880E68F90E4BE9BE4BA86E585ABE7A78DE59FBAE69CACE7B1BBE59E8BE38082E585ADE7A78DE695B0E5AD97E7B1BBE59E8BEFBC88E59B9BE4B8AAE695B4E695B0E59E8BEFBC8CE4B8A4E4B8AAE6B5AEE782B9E59E8BEFBC89EFBC8CE4B880E7A78DE5AD97E7ACA6E7B1BBE59E8BEFBC8CE8BF98E69C89E4B880E7A78DE5B883E5B094E59E8BE380820D0A0D0A232323202A2A62797465EFBC9A0D0A73686F7274EFBC9A0D0A696E74EFBC9A0D0A6C6F6E67EFBC9A0D0A666C6F6174EFBC9A0D0A646F75626C65EFBC9A0D0A626F6F6C65616EEFBC9A0D0A63686172EFBC9A2A2A0D0A0D0A6279746520E695B0E68DAEE7B1BBE59E8BE698AF38E4BD8DE38081E69C89E7ACA6E58FB7E79A84EFBC8CE4BBA5E4BA8CE8BF9BE588B6E8A1A5E7A081E8A1A8E7A4BAE79A84E695B4E695B0EFBC9B0D0AE69C80E5B08FE580BCE698AF202D313238EFBC882D325E37EFBC89EFBC9B0D0AE69C80E5A4A7E580BCE698AF20313237EFBC88325E372D31EFBC89EFBC9B0D0AE9BB98E8AEA4E580BCE698AF2030EFBC9B0D0A6279746520E7B1BBE59E8BE794A8E59CA8E5A4A7E59E8BE695B0E7BB84E4B8ADE88A82E7BAA6E7A9BAE997B4EFBC8CE4B8BBE8A681E4BBA3E69BBFE695B4E695B0EFBC8CE59BA0E4B8BA206279746520E58F98E9878FE58DA0E794A8E79A84E7A9BAE997B4E58FAAE69C8920696E7420E7B1BBE59E8BE79A84E59B9BE58886E4B98BE4B880EFBC9B0D0AE4BE8BE5AD90EFBC9A627974652061203D20313030EFBC8C627974652062203D202D3530E380820D0A0D0A0D0A73686F727420E695B0E68DAEE7B1BBE59E8BE698AF20313620E4BD8DE38081E69C89E7ACA6E58FB7E79A84E4BBA5E4BA8CE8BF9BE588B6E8A1A5E7A081E8A1A8E7A4BAE79A84E695B4E695B00D0AE69C80E5B08FE580BCE698AF202D3332373638EFBC882D325E3135EFBC89EFBC9B0D0AE69C80E5A4A7E580BCE698AF203332373637EFBC88325E3135202D2031EFBC89EFBC9B0D0A53686F727420E695B0E68DAEE7B1BBE59E8BE4B99FE58FAFE4BBA5E5838F206279746520E982A3E6A0B7E88A82E79C81E7A9BAE997B4E38082E4B880E4B8AA73686F7274E58F98E9878FE698AF696E74E59E8BE58F98E9878FE68980E58DA0E7A9BAE997B4E79A84E4BA8CE58886E4B98BE4B880EFBC9B0D0AE9BB98E8AEA4E580BCE698AF2030EFBC9B0D0AE4BE8BE5AD90EFBC9A73686F72742073203D2031303030EFBC8C73686F72742072203D202D3230303030E380820D0A0D0A0D0A696E7420E695B0E68DAEE7B1BBE59E8BE698AF3332E4BD8DE38081E69C89E7ACA6E58FB7E79A84E4BBA5E4BA8CE8BF9BE588B6E8A1A5E7A081E8A1A8E7A4BAE79A84E695B4E695B0EFBC9B0D0AE69C80E5B08FE580BCE698AF202D322C3134372C3438332C363438EFBC882D325E3331EFBC89EFBC9B0D0AE69C80E5A4A7E580BCE698AF20322C3134372C3438332C363437EFBC88325E3331202D2031EFBC89EFBC9B0D0AE4B880E888ACE59CB0E695B4E59E8BE58F98E9878FE9BB98E8AEA4E4B8BA20696E7420E7B1BBE59E8BEFBC9B0D0AE9BB98E8AEA4E580BCE698AF203020EFBC9B0D0AE4BE8BE5AD90EFBC9A696E742061203D203130303030302C20696E742062203D202D323030303030E380820D0A0D0A0D0A6C6F6E6720E695B0E68DAEE7B1BBE59E8BE698AF20363420E4BD8DE38081E69C89E7ACA6E58FB7E79A84E4BBA5E4BA8CE8BF9BE588B6E8A1A5E7A081E8A1A8E7A4BAE79A84E695B4E695B0EFBC9B0D0AE69C80E5B08FE580BCE698AF202D392C3232332C3337322C3033362C3835342C3737352C383038EFBC882D325E3633EFBC89EFBC9B0D0AE69C80E5A4A7E580BCE698AF20392C3232332C3337322C3033362C3835342C3737352C383037EFBC88325E3633202D31EFBC89EFBC9B0D0AE8BF99E7A78DE7B1BBE59E8BE4B8BBE8A681E4BDBFE794A8E59CA8E99C80E8A681E6AF94E8BE83E5A4A7E695B4E695B0E79A84E7B3BBE7BB9FE4B88AEFBC9B0D0AE9BB98E8AEA4E580BCE698AF20304CEFBC9B0D0AE4BE8BE5AD90EFBC9A206C6F6E672061203D203130303030304CEFBC8C4C6F6E672062203D202D3230303030304CE380820D0A224C22E79086E8AEBAE4B88AE4B88DE58886E5A4A7E5B08FE58699EFBC8CE4BD86E698AFE88BA5E58699E68890226C22E5AEB9E69893E4B88EE695B0E5AD97223122E6B7B7E6B786EFBC8CE4B88DE5AEB9E69893E58886E8BEA9E38082E68980E4BBA5E69C80E5A5BDE5A4A7E58699E380820D0A0D0A0D0A666C6F617420E695B0E68DAEE7B1BBE59E8BE698AFE58D95E7B2BEE5BAA6E380813332E4BD8DE38081E7ACA6E590884945454520373534E6A087E58786E79A84E6B5AEE782B9E695B0EFBC9B0D0A666C6F617420E59CA8E582A8E5AD98E5A4A7E59E8BE6B5AEE782B9E695B0E7BB84E79A84E697B6E58099E58FAFE88A82E79C81E58685E5AD98E7A9BAE997B4EFBC9B0D0AE9BB98E8AEA4E580BCE698AF20302E3066EFBC9B0D0AE6B5AEE782B9E695B0E4B88DE883BDE794A8E69DA5E8A1A8E7A4BAE7B2BEE7A1AEE79A84E580BCEFBC8CE5A682E8B4A7E5B881EFBC9B0D0AE4BE8BE5AD90EFBC9A666C6F6174206631203D203233342E3566E380820D0A0D0A0D0A646F75626C6520E695B0E68DAEE7B1BBE59E8BE698AFE58F8CE7B2BEE5BAA6E38081363420E4BD8DE38081E7ACA6E5908820494545452037353420E6A087E58786E79A84E6B5AEE782B9E695B0EFBC9B0D0AE6B5AEE782B9E695B0E79A84E9BB98E8AEA4E7B1BBE59E8BE4B8BA20646F75626C6520E7B1BBE59E8BEFBC9B0D0A646F75626C65E7B1BBE59E8BE5908CE6A0B7E4B88DE883BDE8A1A8E7A4BAE7B2BEE7A1AEE79A84E580BCEFBC8CE5A682E8B4A7E5B881EFBC9B0D0AE9BB98E8AEA4E580BCE698AF20302E3064EFBC9B0D0AE4BE8BE5AD90EFBC9A0D0A0D0A646F75626C65202020643120203D203744203B0D0A646F75626C65202020643220203D20372E3B200D0A646F75626C65202020643320203D2020382E303B200D0A646F75626C65202020643420203D2020382E443B200D0A646F75626C65202020643520203D202031322E393836373B200D0A3720E698AFE4B880E4B8AA20696E7420E5AD97E99DA2E9878FEFBC8CE8808C203744EFBC8C372E20E5928C20382E3020E698AF20646F75626C6520E5AD97E99DA2E9878FE380820D0A0D0A0D0A626F6F6C65616EE695B0E68DAEE7B1BBE59E8BE8A1A8E7A4BAE4B880E4BD8DE79A84E4BFA1E681AFEFBC9B0D0AE58FAAE69C89E4B8A4E4B8AAE58F96E580BCEFBC9A7472756520E5928C2066616C7365EFBC9B0D0AE8BF99E7A78DE7B1BBE59E8BE58FAAE4BD9CE4B8BAE4B880E7A78DE6A087E5BF97E69DA5E8AEB0E5BD9520747275652F66616C736520E68385E586B5EFBC9B0D0AE9BB98E8AEA4E580BCE698AF2066616C7365EFBC9B0D0AE4BE8BE5AD90EFBC9A626F6F6C65616E206F6E65203D2074727565E380820D0A0D0A0D0A6368617220E7B1BBE59E8BE698AFE4B880E4B8AAE58D95E4B880E79A8420313620E4BD8D20556E69636F646520E5AD97E7ACA6EFBC9B0D0AE69C80E5B08FE580BCE698AF205C7530303030EFBC88E58D81E8BF9BE588B6E7AD89E69588E580BCE4B8BA2030EFBC89EFBC9B0D0AE69C80E5A4A7E580BCE698AF205C7566666666EFBC88E58DB3E4B8BA203635353335EFBC89EFBC9B0D0A6368617220E695B0E68DAEE7B1BBE59E8BE58FAFE4BBA5E582A8E5AD98E4BBBBE4BD95E5AD97E7ACA6EFBC9B0D0AE4BE8BE5AD90EFBC9A63686172206C6574746572203D202741273BE38082, null, 'https://picsum.photos/id/800/450', '原创', '', '', '', 'Java数据类型', '2021-10-05 21:44:23', '2', '3', '0', '正确做好任何意见事情的前提是清晰、正确的理解目标。而事实是，我们很多人很多时候根本没有对目标正确的定义，甚至根本从来就没有想过，只是大家都那么做而已...\r\n\r\n');
INSERT INTO `t_blog` VALUES ('2', '', '', 0x4A61766120E59FBAE7A180E8AFADE6B3950D0AE4B880E4B8AA204A61766120E7A88BE5BA8FE58FAFE4BBA5E8AEA4E4B8BAE698AFE4B880E7B3BBE58897E5AFB9E8B1A1E79A84E99B86E59088EFBC8CE8808CE8BF99E4BA9BE5AFB9E8B1A1E9809AE8BF87E8B083E794A8E5BDBCE6ADA4E79A84E696B9E6B395E69DA5E58D8FE5908CE5B7A5E4BD9CE38082E4B88BE99DA2E7AE80E8A681E4BB8BE7BB8DE4B88BE7B1BBE38081E5AFB9E8B1A1E38081E696B9E6B395E5928CE5AE9EE4BE8BE58F98E9878FE79A84E6A682E5BFB5E380820D0A0D0AE5AFB9E8B1A1EFBC9AE5AFB9E8B1A1E698AFE7B1BBE79A84E4B880E4B8AAE5AE9EE4BE8BEFBC8CE69C89E78AB6E68081E5928CE8A18CE4B8BAE38082E4BE8BE5A682EFBC8CE4B880E69DA1E78B97E698AFE4B880E4B8AAE5AFB9E8B1A1EFBC8CE5AE83E79A84E78AB6E68081E69C89EFBC9AE9A29CE889B2E38081E5908DE5AD97E38081E59381E7A78DEFBC9BE8A18CE4B8BAE69C89EFBC9AE69187E5B0BEE5B7B4E38081E58FABE38081E59083E7AD89E380820D0AE7B1BBEFBC9AE7B1BBE698AFE4B880E4B8AAE6A8A1E69DBFEFBC8CE5AE83E68F8FE8BFB0E4B880E7B1BBE5AFB9E8B1A1E79A84E8A18CE4B8BAE5928CE78AB6E68081E380820D0AE696B9E6B395EFBC9AE696B9E6B395E5B0B1E698AFE8A18CE4B8BAEFBC8CE4B880E4B8AAE7B1BBE58FAFE4BBA5E69C89E5BE88E5A49AE696B9E6B395E38082E980BBE8BE91E8BF90E7AE97E38081E695B0E68DAEE4BFAEE694B9E4BBA5E58F8AE68980E69C89E58AA8E4BD9CE983BDE698AFE59CA8E696B9E6B395E4B8ADE5AE8CE68890E79A84E380820D0AE5AE9EE4BE8BE58F98E9878FEFBC9AE6AF8FE4B8AAE5AFB9E8B1A1E983BDE69C89E78BACE789B9E79A84E5AE9EE4BE8BE58F98E9878FEFBC8CE5AFB9E8B1A1E79A84E78AB6E68081E794B1E8BF99E4BA9BE5AE9EE4BE8BE58F98E9878FE79A84E580BCE586B3E5AE9AE380820D0AE7ACACE4B880E4B8AA4A617661E7A88BE5BA8F0D0AE4B88BE99DA2E79C8BE4B880E4B8AAE7AE80E58D95E79A84204A61766120E7A88BE5BA8FEFBC8CE5AE83E5B086E8BE93E587BAE5AD97E7ACA6E4B8B22048656C6C6F20576F726C640D0A0D0AE5AE9EE4BE8B0D0A7075626C696320636C6173732048656C6C6F576F726C64207B0D0A202020202F2A20E7ACACE4B880E4B8AA4A617661E7A88BE5BA8F0D0A20202020202A20E5AE83E5B086E8BE93E587BAE5AD97E7ACA6E4B8B22048656C6C6F20576F726C640D0A20202020202A2F0D0A202020207075626C69632073746174696320766F6964206D61696E28537472696E675B5D206172677329207B0D0A202020202020202053797374656D2E6F75742E7072696E746C6E282248656C6C6F20576F726C6422293B202F2F20E8BE93E587BA2048656C6C6F20576F726C640D0A202020207D0D0A7D0D0A0D0AE8BF90E8A18CE5AE9EE4BE8B20C2BB0D0A0D0A0D0AE4B88BE99DA2E5B086E98090E6ADA5E4BB8BE7BB8DE5A682E4BD95E4BF9DE5AD98E38081E7BC96E8AF91E4BBA5E58F8AE8BF90E8A18CE8BF99E4B8AAE7A88BE5BA8FEFBC9A0D0A0D0AE68993E5BC80E4BBA3E7A081E7BC96E8BE91E599A8EFBC8CE68A8AE4B88AE99DA2E79A84E4BBA3E7A081E6B7BBE58AA0E8BF9BE58EBBEFBC9B0D0AE68A8AE69687E4BBB6E5908DE4BF9DE5AD98E4B8BAEFBC9A48656C6C6F576F726C642E6A617661EFBC9B0D0AE68993E5BC8020636D6420E591BDE4BBA4E7AA97E58FA3EFBC8CE8BF9BE585A5E79BAEE6A087E69687E4BBB6E68980E59CA8E79A84E4BD8DE7BDAEEFBC8CE58187E8AEBEE698AF20433A5C0D0AE59CA8E591BDE4BBA4E8A18CE7AA97E58FA3E8BE93E585A5206A617661632048656C6C6F576F726C642E6A61766120E68C89E4B88BE59B9EE8BDA6E994AEE7BC96E8AF91E4BBA3E7A081E38082E5A682E69E9CE4BBA3E7A081E6B2A1E69C89E99499E8AFAFEFBC8C636D6420E591BDE4BBA4E68F90E7A4BAE7ACA6E4BC9AE8BF9BE585A5E4B88BE4B880E8A18CEFBC88E58187E8AEBEE78EAFE5A283E58F98E9878FE983BDE8AEBEE7BDAEE5A5BDE4BA86EFBC89E380820D0AE5868DE994AEE8BE93E585A5206A6176612048656C6C6F576F726C6420E68C89E4B88BE59B9EE8BDA6E994AEE5B0B1E58FAFE4BBA5E8BF90E8A18CE7A88BE5BA8FE4BA860D0AE4BDA0E5B086E4BC9AE59CA8E7AA97E58FA3E79C8BE588B02048656C6C6F20576F726C640D0A0D0A24206A617661632048656C6C6F576F726C642E6A6176610D0A24206A6176612048656C6C6F576F726C64200D0A48656C6C6F20576F726C640D0AE5A682E69E9CE98187E588B0E7BC96E7A081E997AEE9A298EFBC8CE68891E4BBACE58FAFE4BBA5E4BDBFE794A8202D656E636F64696E6720E98089E9A1B9E8AEBEE7BDAE207574662D3820E69DA5E7BC96E8AF91EFBC9A, null, 'https://picsum.photos/id/800/450', '转载', '', '', '', 'Java基础', '2021-10-05 22:47:25', null, '4', '0', '正确做好任何意见事情的前提是清晰、正确的理解目标。而事实是，我们很多人很多时候根本没有对目标正确的定义，甚至根本从来就没有想过，只是大家都那么做而已...\r\n\r\n');
INSERT INTO `t_blog` VALUES ('3', '', '', 0x4A61766120E6ADA3E58899E8A1A8E8BEBEE5BC8F0D0AE6ADA3E58899E8A1A8E8BEBEE5BC8FE5AE9AE4B989E4BA86E5AD97E7ACA6E4B8B2E79A84E6A8A1E5BC8FE380820D0A0D0AE6ADA3E58899E8A1A8E8BEBEE5BC8FE58FAFE4BBA5E794A8E69DA5E6909CE7B4A2E38081E7BC96E8BE91E68896E5A484E79086E69687E69CACE380820D0A0D0AE6ADA3E58899E8A1A8E8BEBEE5BC8FE5B9B6E4B88DE4BB85E99990E4BA8EE69F90E4B880E7A78DE8AFADE8A880EFBC8CE4BD86E698AFE59CA8E6AF8FE7A78DE8AFADE8A880E4B8ADE69C89E7BB86E5BEAEE79A84E5B7AEE588ABE380820D0A0D0AE6ADA3E58899E8A1A8E8BEBEE5BC8FE5AE9EE4BE8B0D0AE4B880E4B8AAE5AD97E7ACA6E4B8B2E585B6E5AE9EE5B0B1E698AFE4B880E4B8AAE7AE80E58D95E79A84E6ADA3E58899E8A1A8E8BEBEE5BC8FEFBC8CE4BE8BE5A6822048656C6C6F20576F726C6420E6ADA3E58899E8A1A8E8BEBEE5BC8FE58CB9E9858D202248656C6C6F20576F726C642220E5AD97E7ACA6E4B8B2E380820D0A0D0A0D0AE4B88BE8A1A8E58897E587BAE4BA86E4B880E4BA9BE6ADA3E58899E8A1A8E8BEBEE5BC8FE79A84E5AE9EE4BE8BE58F8AE68F8FE8BFB0EFBC9A0D0A0D0AE6ADA3E58899E8A1A8E8BEBEE5BC8F09E68F8FE8BFB00D0A7468697320697320746578740D0A0D0AE58CB9E9858DE5AD97E7ACA6E4B8B22022746869732069732074657874220D0A0D0A746869735C732B69735C732B746578740D0A0D0AE6B3A8E6848FE5AD97E7ACA6E4B8B2E4B8ADE79A84205C732BE380820D0A0D0AE58CB9E9858DE58D95E8AF8D2022746869732220E5908EE99DA2E79A84205C732B20E58FAFE4BBA5E58CB9E9858DE5A49AE4B8AAE7A9BAE6A0BCEFBC8CE4B98BE5908EE58CB9E9858D20697320E5AD97E7ACA6E4B8B2EFBC8CE5868DE4B98BE5908E205C732B20E58CB9E9858DE5A49AE4B8AAE7A9BAE6A0BCE784B6E5908EE5868DE8B79FE4B88A207465787420E5AD97E7ACA6E4B8B2E380820D0A0D0AE58FAFE4BBA5E58CB9E9858DE8BF99E4B8AAE5AE9EE4BE8BEFBC9A7468697320697320746578740D0A0D0A5E5C642B285C2E5C642B293F0D0A0D0A5E20E5AE9AE4B989E4BA86E4BBA5E4BB80E4B988E5BC80E5A78B0D0A0D0A5C642B20E58CB9E9858DE4B880E4B8AAE68896E5A49AE4B8AAE695B0E5AD970D0A0D0A3F20E8AEBEE7BDAEE68BACE58FB7E58685E79A84E98089E9A1B9E698AFE58FAFE98089E79A840D0A0D0A5C2E20E58CB9E9858D20222E220D0A0D0AE58FAFE4BBA5E58CB9E9858DE79A84E5AE9EE4BE8BEFBC9A2235222C2022312E352220E5928C2022322E323122E380820D0A0D0A4A61766120E6ADA3E58899E8A1A8E8BEBEE5BC8FE5928C205065726C20E79A84E698AFE69C80E4B8BAE79BB8E4BCBCE79A84E380820D0A0D0A6A6176612E7574696C2E726567657820E58C85E4B8BBE8A681E58C85E68BACE4BBA5E4B88BE4B889E4B8AAE7B1BBEFBC9A0D0A0D0A5061747465726E20E7B1BBEFBC9A0D0A7061747465726E20E5AFB9E8B1A1E698AFE4B880E4B8AAE6ADA3E58899E8A1A8E8BEBEE5BC8FE79A84E7BC96E8AF91E8A1A8E7A4BAE380825061747465726E20E7B1BBE6B2A1E69C89E585ACE585B1E69E84E980A0E696B9E6B395E38082E8A681E5889BE5BBBAE4B880E4B8AA205061747465726E20E5AFB9E8B1A1EFBC8CE4BDA0E5BF85E9A1BBE9A696E58588E8B083E794A8E585B6E585ACE585B1E99D99E68081E7BC96E8AF91E696B9E6B395EFBC8CE5AE83E8BF94E59B9EE4B880E4B8AA205061747465726E20E5AFB9E8B1A1E38082E8AFA5E696B9E6B395E68EA5E58F97E4B880E4B8AAE6ADA3E58899E8A1A8E8BEBEE5BC8FE4BD9CE4B8BAE5AE83E79A84E7ACACE4B880E4B8AAE58F82E695B0E380820D0A0D0A4D61746368657220E7B1BBEFBC9A0D0A4D61746368657220E5AFB9E8B1A1E698AFE5AFB9E8BE93E585A5E5AD97E7ACA6E4B8B2E8BF9BE8A18CE8A7A3E9878AE5928CE58CB9E9858DE6938DE4BD9CE79A84E5BC95E6938EE38082E4B88E5061747465726E20E7B1BBE4B880E6A0B7EFBC8C4D61746368657220E4B99FE6B2A1E69C89E585ACE585B1E69E84E980A0E696B9E6B395E38082E4BDA0E99C80E8A681E8B083E794A8205061747465726E20E5AFB9E8B1A1E79A84206D61746368657220E696B9E6B395E69DA5E88EB7E5BE97E4B880E4B8AA204D61746368657220E5AFB9E8B1A1E380820D0A0D0A5061747465726E53796E746178457863657074696F6EEFBC9A0D0A5061747465726E53796E746178457863657074696F6E20E698AFE4B880E4B8AAE99D9EE5BCBAE588B6E5BC82E5B8B8E7B1BBEFBC8CE5AE83E8A1A8E7A4BAE4B880E4B8AAE6ADA3E58899E8A1A8E8BEBEE5BC8FE6A8A1E5BC8FE4B8ADE79A84E8AFADE6B395E99499E8AFAFE380820D0A0D0AE4BBA5E4B88BE5AE9EE4BE8BE4B8ADE4BDBFE794A8E4BA86E6ADA3E58899E8A1A8E8BEBEE5BC8F202E2A72756E6F6F622E2A20E794A8E4BA8EE69FA5E689BEE5AD97E7ACA6E4B8B2E4B8ADE698AFE590A6E58C85E4BA862072756E6F6F6220E5AD90E4B8B2EFBC9A0D0A0D0AE5AE9EE4BE8B0D0A696D706F7274206A6176612E7574696C2E72656765782E2A3B0D0A200D0A636C6173732052656765784578616D706C65317B0D0A2020207075626C69632073746174696320766F6964206D61696E28537472696E675B5D2061726773297B0D0A202020202020537472696E6720636F6E74656E74203D20224920616D206E6F6F622022202B0D0A20202020202020202266726F6D2072756E6F6F622E636F6D2E223B0D0A200D0A202020202020537472696E67207061747465726E203D20222E2A72756E6F6F622E2A223B0D0A200D0A202020202020626F6F6C65616E2069734D61746368203D205061747465726E2E6D617463686573287061747465726E2C20636F6E74656E74293B0D0A20202020202053797374656D2E6F75742E7072696E746C6E2822E5AD97E7ACA6E4B8B2E4B8ADE698AFE590A6E58C85E590ABE4BA86202772756E6F6F622720E5AD90E5AD97E7ACA6E4B8B23F2022202B2069734D61746368293B0D0A2020207D0D0A7D0D0AE5AE9EE4BE8BE8BE93E587BAE7BB93E69E9CE4B8BAEFBC9A0D0A0D0AE5AD97E7ACA6E4B8B2E4B8ADE698AFE590A6E58C85E590ABE4BA86202772756E6F6F622720E5AD90E5AD97E7ACA6E4B8B23F2074727565, null, 'https://picsum.photos/id/800/450', '转载', '', '', '', '正则表达式', '2021-10-05 22:47:05', null, '3', '0', '正确做好任何意见事情的前提是清晰、正确的理解目标。而事实是，我们很多人很多时候根本没有对目标正确的定义，甚至根本从来就没有想过，只是大家都那么做而已...\r\n\r\n');
INSERT INTO `t_blog` VALUES ('4', '', '', 0x49444541E68980E68F90E580A1E79A84E698AFE699BAE883BDE7BC96E7A081EFBC8CE698AFE5878FE5B091E7A88BE5BA8FE59198E79A84E5B7A5E4BD9CEFBC8C49444541E79A84E789B9E889B2E58A9FE883BDE69C89E4BBA5E4B88B3232E782B9205B315D2020EFBC9A0D0AE2978FE38080E699BAE883BDE79A84E98089E58F960D0AE59CA8E5BE88E5A49AE697B6E58099E68891E4BBACE8A681E98089E58F96E69F90E4B8AAE696B9E6B395EFBC8CE68896E69F90E4B8AAE5BEAAE78EAFE68896E683B3E4B880E6ADA5E4B880E6ADA5E4BB8EE4B880E4B8AAE58F98E9878FE588B0E695B4E4B8AAE7B1BBE685A2E685A2E689A9E58585E79D80E98089E58F96EFBC8C49444541E5B0B1E68F90E4BE9BE8BF99E7A78DE59FBAE4BA8EE8AFADE6B395E79A84E98089E68BA9EFBC8CE59CA8E9BB98E8AEA4E8AEBEE7BDAEE4B8AD4374726C2B57EFBC8CE58FAFE4BBA5E5AE9EE78EB0E98089E58F96E88C83E59BB4E79A84E4B88DE696ADE689A9E58585EFBC8CE8BF99E7A78DE696B9E5BC8FE59CA8E9878DE69E84E79A84E697B6E58099E5B0A4E585B6E698BEE5BE97E696B9E4BEBFE380820D0AE2978FE38080E4B8B0E5AF8CE79A84E5AFBCE888AAE6A8A1E5BC8F0D0A49444541E68F90E4BE9BE4BA86E4B8B0E5AF8CE79A84E5AFBCE888AAE69FA5E79C8BE6A8A1E5BC8FEFBC8CE4BE8BE5A6824374726C2B45E698BEE7A4BAE69C80E8BF91E68993E5BC80E8BF87E79A84E69687E4BBB6EFBC8C4374726C2B4EE698BEE7A4BAE4BDA0E5B88CE69C9BE698BEE7A4BAE79A84E7B1BBE5908DE69FA5E689BEE6A186EFBC88E8AFA5E6A186E5908CE6A0B7E69C89E699BAE883BDE8A1A5E58585E58A9FE883BDEFBC8CE5BD93E4BDA0E8BE93E585A5E5AD97E6AF8DE5908E49444541E5B086E698BEE7A4BAE68980E69C89E58099E98089E7B1BBE5908DEFBC89E38082E59CA8E69C80E59FBAE69CACE79A8470726F6A656374E8A786E59BBEE4B8ADEFBC8CE4BDA0E8BF98E58FAFE4BBA5E98089E68BA9E5A49AE7A78DE79A84E8A786E59BBEE696B9E5BC8FE380820D0AE2978FE38080E58E86E58FB2E8AEB0E5BD95E58A9FE883BD0D0AE4B88DE794A8E9809AE8BF87E78988E69CACE7AEA1E79086E69C8DE58AA1E599A8EFBC8CE58D95E7BAAFE79A8449444541E5B0B1E58FAFE4BBA5E69FA5E79C8BE4BBBBE4BD95E5B7A5E7A88BE4B8ADE69687E4BBB6E79A84E58E86E58FB2E8AEB0E5BD95EFBC8CE59CA8E78988E69CACE681A2E5A48DE697B6E4BDA0E58FAFE4BBA5E5BE88E5AEB9E69893E79A84E5B086E585B6E681A2E5A48DE380820D0AE2978FE380804A556E6974E79A84E5AE8CE7BE8EE694AFE68C810D0AE2978FE38080E5AFB9E9878DE69E84E79A84E4BC98E8B68AE694AFE68C810D0A49444541E698AFE68980E69C89494445E4B8ADE69C80E697A9E694AFE68C81E9878DE69E84E79A84EFBC8CE585B6E4BC98E7A780E79A84E9878DE69E84E883BDE58A9BE4B880E79BB4E698AFE585B6E4B8BBE8A681E58D96E782B9E4B98BE4B880E380820D0AE2978FE38080E7BC96E7A081E8BE85E58AA90D0A4A617661E8A784E88C83E4B8ADE68F90E580A1E79A84746F537472696E672829E3808168617368436F64652829E38081657175616C732829E4BBA5E58F8AE68980E69C89E79A846765742F736574E696B9E6B395EFBC8CE4BDA0E58FAFE4BBA5E4B88DE794A8E8BF9BE8A18CE4BBBBE4BD95E79A84E8BE93E585A5E5B0B1E58FAFE4BBA5E5AE9EE78EB0E4BBA3E7A081E79A84E887AAE58AA8E7949FE68890EFBC8CE4BB8EE8808CE68A8AE4BDA0E4BB8EE697A0E8818AE79A84E59FBAE69CACE696B9E6B395E7BC96E7A081E4B8ADE8A7A3E694BEE587BAE69DA5E380820D0AE2978FE38080E781B5E6B4BBE79A84E68E92E78988E58A9FE883BD0D0AE59FBAE69CACE68980E69C89E79A84494445E983BDE69C89E9878DE68E92E78988E58A9FE883BDEFBC8CE4BD86E4BB85E69C8949444541E79A84E698AFE4BABAE680A7E79A84EFBC8CE59BA0E4B8BAE5AE83E694AFE68C81E68E92E78988E6A8A1E5BC8FE79A84E5AE9AE588B6EFBC8CE4BDA0E58FAFE4BBA5E6A0B9E68DAEE4B88DE5908CE79A84E9A1B9E79BAEE8A681E6B182E98787E794A8E4B88DE5908CE79A84E68E92E78988E696B9E5BC8FE380820D0AE2978FE38080584D4CE79A84E5AE8CE7BE8EE694AFE68C810D0A786D6CE585A8E68F90E7A4BAE694AFE68C81EFBC9AE68980E69C89E6B581E8A18CE6A186E69EB6E79A84786D6CE69687E4BBB6E983BDE694AFE68C81E585A8E68F90E7A4BAEFBC8CE8B081E794A8E8B081E79FA5E98193E380820D0AE2978FE38080E58AA8E68081E8AFADE6B395E6A380E6B58B0D0AE4BBBBE4BD95E4B88DE7ACA6E590886A617661E8A784E88C83E38081E887AAE5B7B1E9A284E5AE9AE4B989E79A84E8A784E88C83E38081E7B4AFE8B598E983BDE5B086E59CA8E9A1B5E99DA2E4B8ADE58AA0E4BAAEE698BEE7A4BAE380820D0AE2978FE38080E4BBA3E7A081E6A380E69FA50D0AE5AFB9E4BBA3E7A081E8BF9BE8A18CE887AAE58AA8E58886E69E90EFBC8CE6A380E6B58BE4B88DE7ACA6E59088E8A784E88C83E79A84EFBC8CE5AD98E59CA8E9A38EE999A9E79A84E4BBA3E7A081EFBC8CE5B9B6E58AA0E4BAAEE698BEE7A4BAE380820D0AE2978FE38080E5AFB94A5350E79A84E5AE8CE585A8E694AFE68C810D0AE4B88DE99C80E8A681E4BBBBE4BD95E79A84E68F92E4BBB6EFBC8CE5AE8CE585A8E694AFE68C814A5350E380820D0AE2978FE38080E699BAE883BDE7BC96E8BE910D0AE4BBA3E7A081E8BE93E585A5E8BF87E7A88BE4B8ADEFBC8CE887AAE58AA8E8A1A5E58585E696B9E6B395E68896E7B1BBE380820D0AE2978FE38080454A42E694AFE68C810D0AE4B88DE99C80E8A681E4BBBBE4BD95E68F92E4BBB6E5AE8CE585A8E694AFE68C81454A4228362E3020E694AFE68C81454A42332E30290D0AE2978FE38080E58897E7BC96E8BE91E6A8A1E5BC8F0D0AE794A8E8BF87557472616C45646974E79A84E882AFE5AE9AE5AFB9E585B6E79A84E58897E7BC96E8BE91E6A8A1E5BC8FE8B59EE8B58FE4B88DE5B7B2EFBC8CE59BA0E4B8BAE5AE83E5878FE5B091E4BA86E5BE88E5A49AE697A0E8818AE79A84E9878DE5A48DE5B7A5E4BD9CEFBC8CE8808C49444541E5AE8CE585A8E694AFE68C81E8AFA5E6A8A1E5BC8FEFBC8CE4BB8EE8808CE69BB4E58AA0E68F90E9AB98E4BA86E7BC96E7A081E69588E78E87E380820D0AE2978FE38080E9A284E7BDAEE6A8A1E69DBF0D0AE9A284E7BDAEE6A8A1E69DBFE58FAFE4BBA5E8AEA9E4BDA0E68A8AE7BB8FE5B8B8E794A8E588B0E79A84E696B9E6B395E7BC96E8BE91E8BF9BE6A8A1E69DBFEFBC8CE4BDBFE794A8E697B6E4BDA0E58FAAE794A8E8BE93E585A5E7AE80E58D95E79A84E587A0E4B8AAE5AD97E6AF8DE5B0B1E58FAFE4BBA5E5AE8CE68890E585A8E983A8E4BBA3E7A081E79A84E7BC96E58699E38082E4BE8BE5A682E4BDBFE794A8E6AF94E8BE83E9AB98E79A847075626C69632073746174696320766F6964206D61696E28537472696E675B5D2061726773297B7DE4BDA0E58FAFE4BBA5E59CA8E6A8A1E69DBFE4B8ADE9A284E8AEBE706DE4B8BAE8AFA5E696B9E6B395EFBC8CE8BE93E585A5E697B6E4BDA0E58FAAE8A681E8BE93E585A5706DE5868DE68C89E4BBA3E7A081E8BE85E58AA9E994AEEFBC8C49444541E5B086E5AE8CE68890E4BBA3E7A081E79A84E887AAE58AA8E8BE93E585A5E380820D0AE2978FE38080E5AE8CE7BE8EE79A84E887AAE58AA8E4BBA3E7A081E5AE8CE688900D0AE699BAE883BDE6A380E69FA5E7B1BBE4B8ADE79A84E696B9E6B395EFBC8CE5BD93E58F91E78EB0E696B9E6B395E5908DE58FAAE69C89E4B880E4B8AAE697B6E887AAE58AA8E5AE8CE68890E4BBA3E7A081E8BE93E585A5EFBC8CE4BB8EE8808CE5878FE5B091E589A9E4B88BE4BBA3E7A081E79A84E7BC96E58699E5B7A5E4BD9CE380820D0AE2978FE38080E78988E69CACE68EA7E588B6E5AE8CE7BE8EE694AFE68C810D0AE99B86E68890E4BA86E5B882E99DA2E4B88AE5B8B8E8A781E79A84E68980E69C89E78988E69CACE68EA7E588B6E5B7A5E585B7E68F92E4BBB6EFBC8CE58C85E68BAC676974E3808173766EE38081676974687562EFBC8CE8AEA9E5BC80E58F91E4BABAE59198E59CA8E7BC96E7A88BE79A84E5B7A5E7A88BE4B8ADE79BB4E68EA5E59CA8696E74656C6C696A2069646561E9878CE5B0B1E883BDE5AE8CE68890E4BBA3E7A081E79A84E68F90E4BAA4E38081E6A380E587BAE38081E8A7A3E586B3E586B2E7AA81E38081E69FA5E79C8BE78988E69CACE68EA7E588B6E69C8DE58AA1E599A8E58685E5AEB9E7AD89E7AD89E380820D0AE2978FE38080E4B88DE4BDBFE794A8E4BBA3E7A081E79A84E6A380E69FA50D0AE887AAE58AA8E6A380E69FA5E4BBA3E7A081E4B8ADE4B88DE4BDBFE794A8E79A84E4BBA3E7A081EFBC8CE5B9B6E7BB99E587BAE68F90E7A4BAEFBC8CE4BB8EE8808CE4BDBFE4BBA3E7A081E69BB4E9AB98E69588E380820D0AE2978FE38080E699BAE883BDE4BBA3E7A0810D0AE887AAE58AA8E6A380E69FA5E4BBA3E7A081EFBC8CE58F91E78EB0E4B88EE9A284E7BDAEE8A784E88C83E69C89E587BAE585A5E79A84E4BBA3E7A081E7BB99E587BAE68F90E7A4BAEFBC8CE88BA5E7A88BE5BA8FE59198E5908CE6848FE4BFAEE694B9E887AAE58AA8E5AE8CE68890E4BFAEE694B9E38082E4BE8BE5A682E4BBA3E7A081EFBC9A537472696E6720737472203D202248656C6C6F20496E74656C6C696A2022202B202249444541223B2049444541E5B086E7BB99E587BAE4BC98E58C96E68F90E7A4BAEFBC8CE88BA5E7A88BE5BA8FE59198E5908CE6848FE4BFAEE694B949444541E5B086E887AAE58AA8E5B086E4BBA3E7A081E4BFAEE694B9E4B8BAEFBC9A537472696E6720737472203D202248656C6C6F20496E74656C6C696A2049444541223B0D0AE2978FE38080E6ADA3E58899E8A1A8E8BEBEE5BC8FE79A84E69FA5E689BEE5928CE69BBFE68DA2E58A9FE883BD0D0AE69FA5E689BEE5928CE69BBFE68DA2E694AFE68C81E6ADA3E58899E8A1A8E8BEBEE5BC8FEFBC8CE4BB8EE8808CE68F90E9AB98E69588E78E87E380820D0AE2978FE380804A617661446F63E9A284E8A788E694AFE68C810D0AE694AFE68C814A617661446F63E79A84E9A284E8A788E58A9FE883BDEFBC8CE59CA84A617661446F63E4BBA3E7A081E4B8AD4374726C2B51E698BEE7A4BA4A617661446F63E79A84E7BB93E69E9CEFBC8CE4BB8EE8808CE68F90E9AB98646F63E69687E6A1A3E79A84E8B4A8E9878FE380820D0AE2978FE38080E7A88BE5BA8FE59198E6848FE59BBEE694AFE68C810D0AE7A88BE5BA8FE59198E7BC96E7A081E697B649444541E697B6E697B6E6A380E6B58BE4BDA0E79A84E6848FE59BBEEFBC8CE68896E68F90E4BE9BE5BBBAE8AEAEEFBC8CE68896E79BB4E68EA5E5B8AEE4BDA0E5AE8CE68890E4BBA3E7A081E38082, null, 'https://picsum.photos/id/800/450', '转载', '', '', '', 'idea', '2021-10-10 19:58:09', '0', '1', '0', 'IDEA 全称 IntelliJ IDEA，是java编程语言开发的集成环境。IntelliJ在业界被公认为最好的java开发工具，尤其在智能代码助手、代码自动提示、重构、JavaEE支持、各类版本工具(git、svn等)、JUnit、CVS整合、代码分析、 创新的GUI设计等方面的功能可以说是超常的。IDEA是JetBrains公司的产品，这家公司总部位于捷克共和国的首都布拉格，开发人员以严谨著');
INSERT INTO `t_blog` VALUES ('5', '', '', 0x435353E4B8BA48544D4CE6A087E8AEB0E8AFADE8A880E68F90E4BE9BE4BA86E4B880E7A78DE6A0B7E5BC8FE68F8FE8BFB0EFBC8CE5AE9AE4B989E4BA86E585B6E4B8ADE58583E7B4A0E79A84E698BEE7A4BAE696B9E5BC8FE38082435353E59CA8576562E8AEBEE8AEA1E9A286E59F9FE698AFE4B880E4B8AAE7AA81E7A0B4E38082E588A9E794A8E5AE83E58FAFE4BBA5E5AE9EE78EB0E4BFAEE694B9E4B880E4B8AAE5B08FE79A84E6A0B7E5BC8FE69BB4E696B0E4B88EE4B98BE79BB8E585B3E79A84E68980E69C89E9A1B5E99DA2E58583E7B4A0E380820D0AE680BBE4BD93E69DA5E8AFB4EFBC8C435353E585B7E69C89E4BBA5E4B88BE789B9E782B9EFBC9A0D0AE4B8B0E5AF8CE79A84E6A0B7E5BC8FE5AE9AE4B9890D0A435353E68F90E4BE9BE4BA86E4B8B0E5AF8CE79A84E69687E6A1A3E6A0B7E5BC8FE5A496E8A782EFBC8CE4BBA5E58F8AE8AEBEE7BDAEE69687E69CACE5928CE8838CE699AFE5B19EE680A7E79A84E883BDE58A9BEFBC9BE58581E8AEB8E4B8BAE4BBBBE4BD95E58583E7B4A0E5889BE5BBBAE8BEB9E6A186EFBC8CE4BBA5E58F8AE58583E7B4A0E8BEB9E6A186E4B88EE585B6E4BB96E58583E7B4A0E997B4E79A84E8B79DE7A6BBEFBC8CE4BBA5E58F8AE58583E7B4A0E8BEB9E6A186E4B88EE58583E7B4A0E58685E5AEB9E997B4E79A84E8B79DE7A6BBEFBC9BE58581E8AEB8E99A8FE6848FE694B9E58F98E69687E69CACE79A84E5A4A7E5B08FE58699E696B9E5BC8FE38081E4BFAEE9A5B0E696B9E5BC8FE4BBA5E58F8AE585B6E4BB96E9A1B5E99DA2E69588E69E9CE380820D0AE69893E4BA8EE4BDBFE794A8E5928CE4BFAEE694B90D0A435353E58FAFE4BBA5E5B086E6A0B7E5BC8FE5AE9AE4B989E59CA848544D4CE58583E7B4A0E79A847374796C65E5B19EE680A7E4B8ADEFBC8CE4B99FE58FAFE4BBA5E5B086E585B6E5AE9AE4B989E59CA848544D4CE69687E6A1A3E79A84686561646572E983A8E58886EFBC8CE4B99FE58FAFE4BBA5E5B086E6A0B7E5BC8FE5A3B0E6988EE59CA8E4B880E4B8AAE4B893E997A8E79A84435353E69687E4BBB6E4B8ADEFBC8CE4BBA5E4BE9B48544D4CE9A1B5E99DA2E5BC95E794A8E38082E680BBE4B98BEFBC8C435353E6A0B7E5BC8FE8A1A8E58FAFE4BBA5E5B086E68980E69C89E79A84E6A0B7E5BC8FE5A3B0E6988EE7BB9FE4B880E5AD98E694BEEFBC8CE8BF9BE8A18CE7BB9FE4B880E7AEA1E79086E380820D0AE58FA6E5A496EFBC8CE58FAFE4BBA5E5B086E79BB8E5908CE6A0B7E5BC8FE79A84E58583E7B4A0E8BF9BE8A18CE5BD92E7B1BBEFBC8CE4BDBFE794A8E5908CE4B880E4B8AAE6A0B7E5BC8FE8BF9BE8A18CE5AE9AE4B989EFBC8CE4B99FE58FAFE4BBA5E5B086E69F90E4B8AAE6A0B7E5BC8FE5BA94E794A8E588B0E68980E69C89E5908CE5908DE79A8448544D4CE6A087E7ADBEE4B8ADEFBC8CE4B99FE58FAFE4BBA5E5B086E4B880E4B8AA435353E6A0B7E5BC8FE68C87E5AE9AE588B0E69F90E4B8AAE9A1B5E99DA2E58583E7B4A0E4B8ADE38082E5A682E69E9CE8A681E4BFAEE694B9E6A0B7E5BC8FEFBC8CE68891E4BBACE58FAAE99C80E8A681E59CA8E6A0B7E5BC8FE58897E8A1A8E4B8ADE689BEE588B0E79BB8E5BA94E79A84E6A0B7E5BC8FE5A3B0E6988EE8BF9BE8A18CE4BFAEE694B9E380820D0AE5A49AE9A1B5E99DA2E5BA94E794A80D0A435353E6A0B7E5BC8FE8A1A8E58FAFE4BBA5E58D95E78BACE5AD98E694BEE59CA8E4B880E4B8AA435353E69687E4BBB6E4B8ADEFBC8CE8BF99E6A0B7E68891E4BBACE5B0B1E58FAFE4BBA5E59CA8E5A49AE4B8AAE9A1B5E99DA2E4B8ADE4BDBFE794A8E5908CE4B880E4B8AA435353E6A0B7E5BC8FE8A1A8E38082435353E6A0B7E5BC8FE8A1A8E79086E8AEBAE4B88AE4B88DE5B19EE4BA8EE4BBBBE4BD95E9A1B5E99DA2E69687E4BBB6EFBC8CE59CA8E4BBBBE4BD95E9A1B5E99DA2E69687E4BBB6E4B8ADE983BDE58FAFE4BBA5E5B086E585B6E5BC95E794A8E38082E8BF99E6A0B7E5B0B1E58FAFE4BBA5E5AE9EE78EB0E5A49AE4B8AAE9A1B5E99DA2E9A38EE6A0BCE79A84E7BB9FE4B880E380820D0AE5B182E58FA00D0AE7AE80E58D95E79A84E8AFB4EFBC8CE5B182E58FA0E5B0B1E698AFE5AFB9E4B880E4B8AAE58583E7B4A0E5A49AE6ACA1E8AEBEE7BDAEE5908CE4B880E4B8AAE6A0B7E5BC8FEFBC8CE8BF99E5B086E4BDBFE794A8E69C80E5908EE4B880E6ACA1E8AEBEE7BDAEE79A84E5B19EE680A7E580BCE38082E4BE8BE5A682E5AFB9E4B880E4B8AAE7AB99E782B9E4B8ADE79A84E5A49AE4B8AAE9A1B5E99DA2E4BDBFE794A8E4BA86E5908CE4B880E5A597435353E6A0B7E5BC8FE8A1A8EFBC8CE8808CE69F90E4BA9BE9A1B5E99DA2E4B8ADE79A84E69F90E4BA9BE58583E7B4A0E683B3E4BDBFE794A8E585B6E4BB96E6A0B7E5BC8FEFBC8CE5B0B1E58FAFE4BBA5E99288E5AFB9E8BF99E4BA9BE6A0B7E5BC8FE58D95E78BACE5AE9AE4B989E4B880E4B8AAE6A0B7E5BC8FE8A1A8E5BA94E794A8E588B0E9A1B5E99DA2E4B8ADE38082E8BF99E4BA9BE5908EE69DA5E5AE9AE4B989E79A84E6A0B7E5BC8FE5B086E5AFB9E5898DE99DA2E79A84E6A0B7E5BC8FE8AEBEE7BDAEE8BF9BE8A18CE9878DE58699EFBC8CE59CA8E6B58FE8A788E599A8E4B8ADE79C8BE588B0E79A84E5B086E698AFE69C80E5908EE99DA2E8AEBEE7BDAEE79A84E6A0B7E5BC8FE69588E69E9CE380820D0AE9A1B5E99DA2E58E8BE7BCA90D0AE59CA8E4BDBFE794A848544D4CE5AE9AE4B989E9A1B5E99DA2E69588E69E9CE79A84E7BD91E7AB99E4B8ADEFBC8CE5BE80E5BE80E99C80E8A681E5A4A7E9878FE68896E9878DE5A48DE79A84E8A1A8E6A0BCE5928C666F6E74E58583E7B4A0E5BDA2E68890E59084E7A78DE8A784E6A0BCE79A84E69687E5AD97E6A0B7E5BC8FEFBC8CE8BF99E6A0B7E5819AE79A84E5908EE69E9CE5B0B1E698AFE4BC9AE4BAA7E7949FE5A4A7E9878FE79A8448544D4CE6A087E7ADBEEFBC8CE4BB8EE8808CE4BDBFE9A1B5E99DA2E69687E4BBB6E79A84E5A4A7E5B08FE5A29EE58AA0E38082E8808CE5B086E6A0B7E5BC8FE79A84E5A3B0E6988EE58D95E78BACE694BEE588B0435353E6A0B7E5BC8FE8A1A8E4B8ADEFBC8CE58FAFE4BBA5E5A4A7E5A4A7E79A84E5878FE5B08FE9A1B5E99DA2E79A84E4BD93E7A7AFEFBC8CE8BF99E6A0B7E59CA8E58AA0E8BDBDE9A1B5E99DA2E697B6E4BDBFE794A8E79A84E697B6E997B4E4B99FE4BC9AE5A4A7E5A4A7E79A84E5878FE5B091E38082E58FA6E5A496EFBC8C435353E6A0B7E5BC8FE8A1A8E79A84E5A48DE794A8E69BB4E5A4A7E7A88BE5BAA6E79A84E7BCA9E5878FE4BA86E9A1B5E99DA2E79A84E4BD93E7A7AFEFBC8CE5878FE5B091E4B88BE8BDBDE79A84E697B6E997B4E38082, null, 'https://picsum.photos/id/800/450', '转载', '', '', '', 'css', '2021-10-10 19:59:17', '3', '6', '0', '层叠样式表(英文全称：Cascading Style Sheets)是一种用来表现HTML（标准通用标记语言的一个应用）或XML（标准通用标记语言的一个子集）等文件样式的计算机语言。CSS不仅可以静态地修饰网页，还可以配合各种脚本语言动态地对网页各元素进行格式化。 \r\nCSS 能够对网页中元素位置的排版进行像素级精确控制，支持几乎所有的字体字号样式，拥有对网页对象和模型样式编辑的能力。 ');

-- ----------------------------
-- Table structure for `t_blog_tags`
-- ----------------------------
DROP TABLE IF EXISTS `t_blog_tags`;
CREATE TABLE `t_blog_tags` (
  `blogs_id` bigint(20) NOT NULL,
  `tags_id` bigint(20) NOT NULL,
  KEY `FK5feau0gb4lq47fdb03uboswm8` (`tags_id`),
  KEY `FKh4pacwjwofrugxa9hpwaxg6mr` (`blogs_id`),
  CONSTRAINT `FK5feau0gb4lq47fdb03uboswm8` FOREIGN KEY (`tags_id`) REFERENCES `t_tag` (`id`),
  CONSTRAINT `FKh4pacwjwofrugxa9hpwaxg6mr` FOREIGN KEY (`blogs_id`) REFERENCES `t_blog` (`id`)
) ENGINE=InnoDB DEFAULT CHARSET=utf8 COLLATE=utf8_bin;

-- ----------------------------
-- Records of t_blog_tags
-- ----------------------------
INSERT INTO `t_blog_tags` VALUES ('1', '1');
INSERT INTO `t_blog_tags` VALUES ('3', '4');
INSERT INTO `t_blog_tags` VALUES ('2', '3');
INSERT INTO `t_blog_tags` VALUES ('4', '1');
INSERT INTO `t_blog_tags` VALUES ('5', '1');

-- ----------------------------
-- Table structure for `t_comment`
-- ----------------------------
DROP TABLE IF EXISTS `t_comment`;
CREATE TABLE `t_comment` (
  `id` bigint(20) NOT NULL AUTO_INCREMENT,
  `avatar` varchar(255) COLLATE utf8_bin DEFAULT NULL,
  `content` varchar(255) COLLATE utf8_bin DEFAULT NULL,
  `create_time` datetime DEFAULT NULL,
  `email` varchar(255) COLLATE utf8_bin DEFAULT NULL,
  `nickname` varchar(255) COLLATE utf8_bin DEFAULT NULL,
  `blog_id` bigint(20) DEFAULT NULL,
  `parent_comment_id` bigint(20) DEFAULT NULL,
  `admin_comment` bit(1) NOT NULL,
  PRIMARY KEY (`id`),
  KEY `FKke3uogd04j4jx316m1p51e05u` (`blog_id`),
  KEY `FK4jj284r3pb7japogvo6h72q95` (`parent_comment_id`),
  CONSTRAINT `FK4jj284r3pb7japogvo6h72q95` FOREIGN KEY (`parent_comment_id`) REFERENCES `t_comment` (`id`),
  CONSTRAINT `FKke3uogd04j4jx316m1p51e05u` FOREIGN KEY (`blog_id`) REFERENCES `t_blog` (`id`)
) ENGINE=InnoDB AUTO_INCREMENT=8 DEFAULT CHARSET=utf8 COLLATE=utf8_bin;

-- ----------------------------
-- Records of t_comment
-- ----------------------------
INSERT INTO `t_comment` VALUES ('1', '/images/avatar.png', '测试评论', '2021-10-09 22:51:55', '2039151160@qq.com', 'HD', '2', null, '');
INSERT INTO `t_comment` VALUES ('2', '/images/avatar.png', '嗯，好', '2021-10-09 22:52:16', '2039151160@qq.com', '小白', '2', '1', '');
INSERT INTO `t_comment` VALUES ('3', '/images/avatar.png', '。。。', '2021-10-09 22:52:34', '2039151160@qq.com', '大龄', '2', '2', '');
INSERT INTO `t_comment` VALUES ('4', '/images/avatar.png', '你很好', '2021-10-09 22:53:32', '2039151160@qq.com', 'HD浅唱', '2', '1', '');
INSERT INTO `t_comment` VALUES ('5', 'https://picsum.photos/id/1025/100/100', '管理员的', '2021-10-09 22:56:12', '2039151160@qq.com', 'HD浅唱', '2', null, '');
INSERT INTO `t_comment` VALUES ('6', 'https://picsum.photos/id/1025/100/100', 'sjd', '2021-12-01 09:27:33', '2039151160@qq.com', '浅唱HD', '5', null, '');
INSERT INTO `t_comment` VALUES ('7', 'https://picsum.photos/id/1025/100/100', 'sjdfg', '2021-12-01 09:27:41', '2039151160@qq.com', '浅唱HD', '5', '6', '');

-- ----------------------------
-- Table structure for `t_tag`
-- ----------------------------
DROP TABLE IF EXISTS `t_tag`;
CREATE TABLE `t_tag` (
  `id` bigint(20) NOT NULL AUTO_INCREMENT,
  `name` varchar(255) COLLATE utf8_bin DEFAULT NULL,
  PRIMARY KEY (`id`)
) ENGINE=InnoDB AUTO_INCREMENT=9 DEFAULT CHARSET=utf8 COLLATE=utf8_bin;

-- ----------------------------
-- Records of t_tag
-- ----------------------------
INSERT INTO `t_tag` VALUES ('1', 'CSS');
INSERT INTO `t_tag` VALUES ('3', 'JavaScript');
INSERT INTO `t_tag` VALUES ('4', 'Springboot');
INSERT INTO `t_tag` VALUES ('5', 'java');
INSERT INTO `t_tag` VALUES ('6', 'idea');
INSERT INTO `t_tag` VALUES ('8', '软件测试');

-- ----------------------------
-- Table structure for `t_type`
-- ----------------------------
DROP TABLE IF EXISTS `t_type`;
CREATE TABLE `t_type` (
  `id` bigint(20) NOT NULL AUTO_INCREMENT,
  `name` varchar(255) COLLATE utf8_bin DEFAULT NULL,
  PRIMARY KEY (`id`)
) ENGINE=InnoDB AUTO_INCREMENT=7 DEFAULT CHARSET=utf8 COLLATE=utf8_bin;

-- ----------------------------
-- Records of t_type
-- ----------------------------
INSERT INTO `t_type` VALUES ('1', '认知升级');
INSERT INTO `t_type` VALUES ('2', 'JavaScript');
INSERT INTO `t_type` VALUES ('3', 'Java');
INSERT INTO `t_type` VALUES ('4', 'HTML和CSS');
INSERT INTO `t_type` VALUES ('5', 'Springboot');
INSERT INTO `t_type` VALUES ('6', 'CSS');

-- ----------------------------
-- Table structure for `t_user`
-- ----------------------------
DROP TABLE IF EXISTS `t_user`;
CREATE TABLE `t_user` (
  `id` bigint(20) NOT NULL,
  `avatar` varchar(255) COLLATE utf8_bin DEFAULT NULL,
  `create_time` datetime DEFAULT NULL,
  `email` varchar(255) COLLATE utf8_bin DEFAULT NULL,
  `nickname` varchar(255) COLLATE utf8_bin DEFAULT NULL,
  `password` varchar(255) COLLATE utf8_bin DEFAULT NULL,
  `update_tiem` datetime DEFAULT NULL,
  `username` varchar(255) COLLATE utf8_bin DEFAULT NULL,
  PRIMARY KEY (`id`)
) ENGINE=InnoDB DEFAULT CHARSET=utf8 COLLATE=utf8_bin;

-- ----------------------------
-- Records of t_user
-- ----------------------------
INSERT INTO `t_user` VALUES ('0', 'https://picsum.photos/id/1025/100/100', '2021-09-25 19:35:25', '2039151160@qq.com', '浅唱HD', '202cb962ac59075b964b07152d234b70', '2021-09-25 19:36:30', '123');
